episode,reward,steps,final_level,win
1,279.46,640,15,1
2,-10.65,763,4,0
3,279.42999999999995,630,15,1
4,199.95,605,15,1
5,379.40999999999997,764,15,1
6,379.44,598,15,1
7,-10.15,253,2,0
8,279.42999999999995,586,15,1
9,279.95,509,15,1
10,-10.65,408,2,0
11,-10.62,446,5,0
12,279.42999999999995,956,15,1
13,279.42999999999995,945,15,1
14,279.42999999999995,1157,15,1
15,379.40999999999997,713,15,1
16,279.42999999999995,1066,15,1
17,279.42999999999995,531,15,1
18,-10.65,626,7,0
19,69.35000000000001,335,2,0
20,69.35000000000001,633,5,0
21,279.42999999999995,619,15,1
22,279.42999999999995,699,15,1
23,-10.65,339,2,0
24,199.43,565,15,1
25,199.43,562,15,1
26,279.44,1719,15,1
27,279.9,916,15,1
28,279.42999999999995,889,15,1
29,279.66999999999996,926,15,1
30,479.42,650,15,1
31,-10.65,349,2,0
32,69.35000000000001,442,3,0
33,199.43,796,15,1
34,379.40999999999997,894,15,1
35,379.40999999999997,1150,15,1
36,-10.65,351,2,0
37,69.35000000000001,1035,7,0
38,279.42999999999995,845,15,1
39,199.43,900,15,1
40,-10.65,216,2,0
41,199.43,837,15,1
42,279.42999999999995,1063,15,1
43,279.42999999999995,1099,15,1
44,-10.59,331,2,0
45,-10.65,378,4,0
46,-10.65,327,4,0
47,-10.65,653,8,0
48,279.42999999999995,899,15,1
49,279.42999999999995,832,15,1
50,-10.62,481,4,0
51,279.42999999999995,849,15,1
52,679.38,894,15,1
53,279.42999999999995,815,15,1
54,279.42999999999995,969,15,1
55,199.43,799,15,1
56,-10.65,443,2,0
57,279.95,960,15,1
58,199.95,607,15,1
59,279.95,1008,15,1
60,-10.26,554,6,0
61,69.38000000000001,329,3,0
62,-10.15,858,12,0
63,69.35000000000001,421,2,0
64,-10.65,338,2,0
65,279.42999999999995,784,15,1
66,279.42999999999995,502,15,1
67,-10.59,799,9,0
68,279.42999999999995,599,15,1
69,279.42999999999995,571,15,1
70,279.42999999999995,606,15,1
71,-10.47,288,2,0
72,479.86,621,15,1
73,279.95,1159,15,1
74,279.46,552,15,1
75,279.72,814,15,1
76,-10.65,327,2,0
77,199.95,748,15,1
78,279.95,694,15,1
79,-10.65,218,3,0
80,379.40999999999997,780,15,1
81,279.54999999999995,945,15,1
82,199.95,565,15,1
83,199.73000000000002,1124,15,1
84,279.95,626,15,1
85,279.42999999999995,509,15,1
86,279.95,641,15,1
87,279.42999999999995,726,15,1
88,279.42999999999995,719,15,1
89,-10.65,456,2,0
90,279.52,712,15,1
91,279.95,667,15,1
92,279.95,710,15,1
93,479.39,575,15,1
94,379.40999999999997,790,15,1
95,-10.65,513,2,0
96,279.42999999999995,831,15,1
97,-10.15,264,2,0
98,-10.65,618,9,0
99,279.42999999999995,523,15,1
100,279.95,580,15,1
101,199.95,782,15,1
102,279.42999999999995,688,15,1
103,279.95,548,15,1
104,-10.38,550,3,0
105,279.42999999999995,568,15,1
106,279.42999999999995,962,15,1
107,-10.15,309,2,0
108,199.43,901,15,1
109,-10.65,633,9,0
110,-10.65,540,3,0
111,279.95,384,15,1
112,279.5,944,15,1
113,279.42999999999995,842,15,1
114,279.58,782,15,1
115,379.65999999999997,661,15,1
116,69.35000000000001,471,4,0
117,199.85000000000002,503,15,1
118,279.95,798,15,1
119,199.95,1135,15,1
120,379.47999999999996,645,15,1
121,-10.65,648,8,0
122,-10.65,408,3,0
123,279.95,637,15,1
124,-10.65,686,12,0
125,279.65,694,15,1
126,279.64,812,15,1
127,199.43,707,15,1
128,199.46,756,15,1
129,199.43,837,15,1
130,279.42999999999995,821,15,1
131,279.65999999999997,804,15,1
132,199.43,498,15,1
133,279.95,546,15,1
134,-10.65,452,5,0
135,379.40999999999997,665,15,1
136,279.95,872,15,1
137,279.42999999999995,828,15,1
138,279.42999999999995,895,15,1
139,69.77000000000001,372,2,0
140,-10.41,308,2,0
141,379.40999999999997,607,15,1
142,279.95,560,15,1
143,379.44,551,15,1
144,279.95,689,15,1
145,-10.38,293,2,0
146,379.40999999999997,1086,15,1
147,-10.65,524,6,0
148,279.95,705,15,1
149,-10.65,359,2,0
150,-10.65,397,2,0
151,279.46,538,15,1
152,379.40999999999997,805,15,1
153,279.95,663,15,1
154,279.95,592,15,1
155,199.43,698,15,1
156,379.77,708,15,1
157,279.95,670,15,1
158,199.95,885,15,1
159,-10.65,345,2,0
160,379.40999999999997,954,15,1
161,279.95,850,15,1
162,279.95,538,15,1
163,279.95,641,15,1
164,199.43,786,15,1
165,279.42999999999995,662,15,1
166,-10.15,582,10,0
167,279.42999999999995,717,15,1
168,69.85000000000001,393,2,0
169,199.43,542,15,1
170,-10.15,541,3,0
171,279.42999999999995,1041,15,1
172,279.95,551,15,1
173,279.42999999999995,784,15,1
174,279.42999999999995,782,15,1
175,279.42999999999995,483,15,1
176,199.43,636,15,1
177,379.40999999999997,796,15,1
178,279.65,483,15,1
179,279.79999999999995,808,15,1
180,-10.59,434,2,0
181,279.42999999999995,543,15,1
182,-10.65,703,8,0
183,279.65,863,15,1
184,279.42999999999995,687,15,1
185,-10.44,304,2,0
186,-10.62,601,10,0
187,-10.15,553,3,0
188,279.42999999999995,930,15,1
189,69.35000000000001,894,11,0
190,279.42999999999995,747,15,1
191,199.43,489,15,1
192,199.55,824,15,1
193,-10.65,275,2,0
194,279.75,1312,15,1
195,69.35000000000001,931,11,0
196,279.95,738,15,1
197,-10.65,718,11,0
198,-10.62,422,2,0
199,279.67999999999995,694,15,1
200,379.95,446,15,1
201,279.42999999999995,710,15,1
202,-10.65,831,5,0
203,279.46,722,15,1
204,279.52,575,15,1
205,279.42999999999995,757,15,1
206,279.42999999999995,775,15,1
207,279.95,587,15,1
208,279.88,622,15,1
209,279.65,625,15,1
210,199.95,686,15,1
211,-10.15,510,6,0
212,-10.15,596,9,0
213,-10.44,490,2,0
214,379.84,409,15,1
215,279.95,550,15,1
216,-10.15,287,2,0
217,379.7,508,15,1
218,379.40999999999997,603,15,1
219,279.95,738,15,1
220,199.51,803,15,1
221,279.75,800,15,1
222,279.95,807,15,1
223,199.43,837,15,1
224,279.95,668,15,1
225,279.56,464,15,1
226,279.95,655,15,1
227,279.95,552,15,1
228,-10.65,816,11,0
229,-10.62,523,7,0
230,279.42999999999995,829,15,1
231,279.65,787,15,1
232,199.95,706,15,1
233,-10.59,652,7,0
234,279.95,633,15,1
235,279.42999999999995,527,15,1
236,279.42999999999995,812,15,1
237,379.65999999999997,624,15,1
238,-10.65,324,2,0
239,-10.15,599,7,0
240,-10.15,805,11,0
241,279.49,849,15,1
242,279.42999999999995,574,15,1
243,279.95,702,15,1
244,379.52,573,15,1
245,279.62,608,15,1
246,379.95,485,15,1
247,279.42999999999995,1089,15,1
248,69.85000000000001,389,2,0
249,279.95,742,15,1
250,-10.23,290,2,0
251,-10.44,286,2,0
252,-10.35,724,7,0
253,199.43,576,15,1
254,279.42999999999995,821,15,1
255,279.95,601,15,1
256,279.42999999999995,709,15,1
257,-10.15,240,2,0
258,379.40999999999997,645,15,1
259,279.42999999999995,745,15,1
260,69.38000000000001,625,7,0
261,279.95,678,15,1
262,-10.15,309,2,0
263,279.61,762,15,1
264,379.92,847,15,1
265,279.42999999999995,584,15,1
266,279.42999999999995,799,15,1
267,199.95,741,15,1
268,279.95,686,15,1
269,-10.15,279,2,0
270,199.95,607,15,1
271,-10.65,587,9,0
272,279.95,708,15,1
273,279.95,637,15,1
274,-10.15,325,3,0
275,199.95,827,15,1
276,69.64000000000001,361,2,0
277,199.94,641,15,1
278,279.95,566,15,1
279,199.95,553,15,1
280,-10.15,584,8,0
281,199.43,562,15,1
282,379.95,718,15,1
283,279.42999999999995,583,15,1
284,-10.15,439,2,0
285,279.91999999999996,588,15,1
286,-10.53,693,8,0
287,-10.15,239,2,0
288,69.85000000000001,323,2,0
289,199.95,553,15,1
290,279.95,562,15,1
291,199.51999999999998,783,15,1
292,379.40999999999997,886,15,1
293,279.95,588,15,1
294,279.91999999999996,545,15,1
295,199.94,944,15,1
296,-10.65,270,2,0
297,-10.47,302,2,0
298,279.95,881,15,1
299,279.95,602,15,1
300,-10.65,761,10,0
301,279.74,553,15,1
302,-10.65,299,2,0
303,-10.65,619,12,0
304,-10.19,291,2,0
305,279.73,616,15,1
306,279.42999999999995,747,15,1
307,279.42999999999995,836,15,1
308,379.40999999999997,797,15,1
309,199.95,596,15,1
310,279.95,570,15,1
311,169.95,279,3,0
312,279.54999999999995,703,15,1
313,279.42999999999995,733,15,1
314,199.43,787,15,1
315,279.42999999999995,580,15,1
316,379.40999999999997,662,15,1
317,199.43,647,15,1
318,279.42999999999995,554,15,1
319,279.46,909,15,1
320,279.42999999999995,630,15,1
321,279.42999999999995,571,15,1
322,199.43,838,15,1
323,199.43,660,15,1
324,-10.15,286,2,0
325,-10.15,276,2,0
326,279.42999999999995,481,15,1
327,279.42999999999995,648,15,1
328,279.42999999999995,712,15,1
329,279.42999999999995,845,15,1
330,279.74,738,15,1
331,279.42999999999995,662,15,1
332,279.46,707,15,1
333,279.42999999999995,588,15,1
334,279.72,791,15,1
335,279.42999999999995,466,15,1
336,279.42999999999995,825,15,1
337,279.5,544,15,1
338,-10.59,507,7,0
339,379.84999999999997,522,15,1
340,379.95,489,15,1
341,279.42999999999995,717,15,1
342,279.46,790,15,1
343,279.95,511,15,1
344,199.95,795,15,1
345,199.95,491,15,1
346,279.95,571,15,1
347,279.85,754,15,1
348,199.86,911,15,1
349,199.43,643,15,1
350,279.42999999999995,1177,15,1
351,-10.52,384,2,0
352,199.68,650,15,1
353,279.47,676,15,1
354,279.95,810,15,1
355,-10.52,705,7,0
356,279.95,533,15,1
357,-10.65,576,10,0
358,479.51,602,15,1
359,279.95,557,15,1
360,199.43,514,15,1
361,199.43,567,15,1
362,-10.33,577,9,0
363,199.43,538,15,1
364,279.95,634,15,1
365,199.51999999999998,690,15,1
366,-10.15,309,2,0
367,199.49,597,15,1
368,279.95,612,15,1
369,379.95,723,15,1
370,279.85,814,15,1
371,279.86,602,15,1
372,279.95,637,15,1
373,279.95,685,15,1
374,-10.65,713,8,0
375,279.42999999999995,743,15,1
376,199.95,640,15,1
377,279.62,856,15,1
378,-10.15,286,2,0
379,199.43,846,15,1
380,279.42999999999995,550,15,1
381,279.42999999999995,809,15,1
382,279.58,1075,15,1
383,279.42999999999995,735,15,1
384,279.42999999999995,494,15,1
385,279.42999999999995,931,15,1
386,199.43,812,15,1
387,279.95,670,15,1
388,279.95,663,15,1
389,-10.62,380,2,0
390,279.42999999999995,631,15,1
391,279.95,616,15,1
392,-10.65,782,10,0
393,379.45,604,15,1
394,279.42999999999995,672,15,1
395,279.87,767,15,1
396,-10.15,287,3,0
397,379.62,600,15,1
398,199.43,556,15,1
399,279.42999999999995,845,15,1
400,279.6,848,15,1
401,199.67000000000002,508,15,1
402,279.42999999999995,623,15,1
403,-10.15,392,2,0
404,-10.15,349,2,0
405,199.55,555,15,1
406,-10.65,393,2,0
407,-10.15,301,2,0
408,279.42999999999995,879,15,1
409,379.95,604,15,1
410,279.95,822,15,1
411,-10.62,227,2,0
412,-10.15,612,5,0
413,-10.25,786,11,0
414,199.43,778,15,1
415,279.95,813,15,1
416,279.51,798,15,1
417,-10.41,349,3,0
418,199.43,448,15,1
419,199.72,689,15,1
420,279.95,587,15,1
421,279.54999999999995,836,15,1
422,-10.15,427,3,0
423,279.95,725,15,1
424,199.66,547,15,1
425,-10.17,637,7,0
426,279.56,639,15,1
427,69.38000000000001,488,5,0
428,279.76,461,15,1
429,379.95,737,15,1
430,279.42999999999995,1045,15,1
431,-10.65,389,2,0
432,379.40999999999997,713,15,1
433,279.42999999999995,477,15,1
434,279.42999999999995,526,15,1
435,279.42999999999995,1007,15,1
436,279.95,636,15,1
437,-10.15,272,2,0
438,199.61,502,15,1
439,279.42999999999995,814,15,1
440,279.95,657,15,1
441,279.42999999999995,762,15,1
442,199.43,987,15,1
443,279.95,839,15,1
444,279.42999999999995,488,15,1
445,199.43,699,15,1
446,199.43,687,15,1
447,279.73,781,15,1
448,279.5,681,15,1
449,279.42999999999995,549,15,1
450,279.46,518,15,1
451,-10.65,365,2,0
452,279.42999999999995,658,15,1
453,-10.65,304,2,0
454,-10.38,530,4,0
455,-10.17,300,2,0
456,-10.5,542,10,0
457,-10.15,272,2,0
458,279.42999999999995,526,15,1
459,279.42999999999995,718,15,1
460,379.81,559,15,1
461,-10.47,198,2,0
462,-10.65,308,2,0
463,279.42999999999995,573,15,1
464,-10.65,316,2,0
465,279.42999999999995,577,15,1
466,-10.38,285,2,0
467,279.42999999999995,660,15,1
468,-10.29,558,7,0
469,379.95,564,15,1
470,279.42999999999995,761,15,1
471,279.95,564,15,1
472,199.43,698,15,1
473,279.95,771,15,1
474,199.43,510,15,1
475,279.42999999999995,500,15,1
476,279.95,561,15,1
477,279.64,910,15,1
478,279.42999999999995,751,15,1
479,279.95,674,15,1
480,279.42999999999995,609,15,1
481,279.42999999999995,629,15,1
482,279.42999999999995,787,15,1
483,199.95,671,15,1
484,-10.15,240,2,0
485,279.62,818,15,1
486,-10.15,313,2,0
487,199.95,720,15,1
488,279.44,772,15,1
489,279.42999999999995,876,15,1
490,379.59,626,15,1
491,279.42999999999995,946,15,1
492,-10.65,791,10,0
493,379.40999999999997,788,15,1
494,279.42999999999995,683,15,1
495,199.43,557,15,1
496,169.73,252,3,0
497,-10.15,291,3,0
498,279.42999999999995,790,15,1
499,379.40999999999997,639,15,1
500,199.43,674,15,1
501,279.77,774,15,1
502,199.95,679,15,1
503,279.42999999999995,877,15,1
504,279.42999999999995,545,15,1
505,-10.15,224,2,0
506,279.42999999999995,667,15,1
507,379.95,593,15,1
508,-10.15,198,2,0
509,-10.15,228,2,0
510,379.40999999999997,559,15,1
511,279.95,575,15,1
512,379.44,797,15,1
513,279.95,631,15,1
514,279.95,615,15,1
515,279.95,516,15,1
516,279.95,737,15,1
517,279.42999999999995,753,15,1
518,279.42999999999995,715,15,1
519,279.42999999999995,863,15,1
520,-10.59,405,2,0
521,379.95,667,15,1
522,-10.15,648,3,0
523,-10.59,448,2,0
524,199.43,726,15,1
525,279.95,465,15,1
526,279.95,655,15,1
527,279.42999999999995,611,15,1
528,279.95,934,15,1
529,-10.15,253,2,0
530,279.91999999999996,660,15,1
531,-10.15,311,2,0
532,-10.65,660,8,0
533,-10.15,660,10,0
534,279.95,625,15,1
535,69.85000000000001,521,5,0
536,279.86,575,15,1
537,69.85000000000001,383,2,0
538,279.95,624,15,1
539,279.95,592,15,1
540,279.95,661,15,1
541,379.40999999999997,633,15,1
542,-10.15,551,6,0
543,279.67999999999995,980,15,1
544,-10.15,225,2,0
545,279.95,749,15,1
546,199.95,590,15,1
547,279.95,647,15,1
548,279.62,677,15,1
549,279.95,635,15,1
550,199.43,590,15,1
551,279.5,699,15,1
552,-10.62,207,2,0
553,-10.65,200,2,0
554,279.95,625,15,1
555,279.95,882,15,1
556,279.61,606,15,1
557,279.95,633,15,1
558,279.42999999999995,541,15,1
559,199.89,793,15,1
560,379.95,568,15,1
561,-10.44,387,4,0
562,279.95,598,15,1
563,199.64,483,15,1
564,69.35000000000001,334,2,0
565,-10.15,279,2,0
566,279.95,603,15,1
567,279.42999999999995,945,15,1
568,279.95,721,15,1
569,279.78,874,15,1
570,279.95,729,15,1
571,-10.65,441,4,0
572,-10.15,293,2,0
573,199.95,732,15,1
574,199.95,495,15,1
575,279.95,643,15,1
576,279.95,626,15,1
577,69.35000000000001,495,3,0
578,199.43,712,15,1
579,279.95,790,15,1
580,-10.65,484,2,0
581,279.95,573,15,1
582,199.43,855,15,1
583,199.95,662,15,1
584,-10.15,334,2,0
585,-10.65,293,2,0
586,279.95,546,15,1
587,279.95,498,15,1
588,379.95,435,15,1
589,199.95,720,15,1
590,279.42999999999995,490,15,1
591,279.95,751,15,1
592,199.95,985,15,1
593,199.86,676,15,1
594,279.42999999999995,565,15,1
595,279.95,717,15,1
596,279.95,617,15,1
597,279.42999999999995,715,15,1
598,-10.15,265,2,0
599,379.89,478,15,1
600,279.95,791,15,1
601,279.95,808,15,1
602,279.54999999999995,659,15,1
603,279.95,458,15,1
604,279.95,817,15,1
605,199.43,540,15,1
606,279.95,600,15,1
607,279.95,821,15,1
608,279.95,511,15,1
609,379.71,514,15,1
610,-10.6,289,2,0
611,279.42999999999995,780,15,1
612,379.95,994,15,1
613,279.95,644,15,1
614,279.86,544,15,1
615,279.42999999999995,769,15,1
616,-10.42,428,2,0
617,279.49,795,15,1
618,-10.15,621,7,0
619,379.40999999999997,517,15,1
620,-10.15,262,2,0
621,279.42999999999995,903,15,1
622,279.42999999999995,969,15,1
623,279.42999999999995,540,15,1
624,-10.65,290,2,0
625,279.49,659,15,1
626,199.44,757,15,1
627,199.43,775,15,1
628,199.46,559,15,1
629,279.63,546,15,1
630,279.42999999999995,525,15,1
631,-10.15,417,8,0
632,279.42999999999995,1017,15,1
633,379.59999999999997,686,15,1
634,199.95,541,15,1
635,279.42999999999995,613,15,1
636,279.78,527,15,1
637,279.42999999999995,794,15,1
638,-10.15,261,2,0
639,199.43,831,15,1
640,279.45,621,15,1
641,279.63,545,15,1
642,-10.5,320,2,0
643,279.71,644,15,1
644,199.59,550,15,1
645,-10.15,548,4,0
646,379.40999999999997,819,15,1
647,-10.15,356,4,0
648,-10.4,311,2,0
649,479.39,694,15,1
650,379.63,572,15,1
651,199.95,799,15,1
652,-10.15,352,2,0
653,279.95,730,15,1
654,279.95,813,15,1
655,199.95,785,15,1
656,279.95,589,15,1
657,379.95,516,15,1
658,199.95,598,15,1
659,69.85000000000001,530,5,0
660,279.95,594,15,1
661,279.42999999999995,609,15,1
662,69.35000000000001,548,6,0
663,-10.65,400,2,0
664,279.95,608,15,1
665,379.95,570,15,1
666,279.62,581,15,1
667,-10.15,256,2,0
668,199.95,622,15,1
669,199.95,564,15,1
670,279.84,718,15,1
671,199.95,599,15,1
672,279.95,977,15,1
673,379.40999999999997,679,15,1
674,199.95,544,15,1
675,279.95,646,15,1
676,279.42999999999995,537,15,1
677,199.82,781,15,1
678,279.95,642,15,1
679,199.67000000000002,569,15,1
680,-10.59,305,3,0
681,279.95,665,15,1
682,-10.65,1112,11,0
683,279.42999999999995,800,15,1
684,279.42999999999995,576,15,1
685,279.95,960,15,1
686,279.95,726,15,1
687,-10.56,223,2,0
688,199.81,623,15,1
689,279.63,734,15,1
690,199.43,665,15,1
691,279.95,867,15,1
692,279.95,626,15,1
693,279.42999999999995,630,15,1
694,279.81,503,15,1
695,279.95,592,15,1
696,-10.15,398,8,0
697,479.78,651,15,1
698,279.78999999999996,823,15,1
699,279.95,1263,15,1
700,379.95,553,15,1
701,279.95,723,15,1
702,379.77,604,15,1
703,379.95,884,15,1
704,279.95,806,15,1
705,279.95,649,15,1
706,279.95,638,15,1
707,-10.15,303,2,0
708,279.85,690,15,1
709,279.95,754,15,1
710,279.52,888,15,1
711,-10.65,248,2,0
712,279.52,741,15,1
713,-10.26,281,2,0
714,199.43,505,15,1
715,279.63,547,15,1
716,279.84,500,15,1
717,279.92999999999995,844,15,1
718,279.52,922,15,1
719,199.91,647,15,1
720,279.42999999999995,672,15,1
721,199.95,551,15,1
722,379.95,547,15,1
723,279.52,641,15,1
724,279.95,650,15,1
725,199.95,581,15,1
726,199.68,1159,15,1
727,-10.15,289,2,0
728,279.95,553,15,1
729,279.95,625,15,1
730,199.61,604,15,1
731,199.43,1148,15,1
732,279.95,580,15,1
733,279.95,833,15,1
734,379.95,526,15,1
735,-10.15,253,3,0
736,379.51,916,15,1
737,199.68,908,15,1
738,279.95,598,15,1
739,379.83,509,15,1
740,-10.15,244,2,0
741,479.39,927,15,1
742,199.95,624,15,1
743,199.95,770,15,1
744,199.95,832,15,1
745,279.44,839,15,1
746,-10.65,527,9,0
747,199.63,588,15,1
748,279.95,902,15,1
749,279.73,514,15,1
750,279.44,736,15,1
751,199.57,618,15,1
752,279.42999999999995,541,15,1
753,279.83,568,15,1
754,199.43,623,15,1
755,279.95,549,15,1
756,-10.53,351,2,0
757,279.95,599,15,1
758,279.52,1082,15,1
759,199.43,760,15,1
760,279.95,715,15,1
761,279.54999999999995,618,15,1
762,-10.15,437,4,0
763,279.51,520,15,1
764,279.61,695,15,1
765,199.95,549,15,1
766,279.46,718,15,1
767,-10.65,369,2,0
768,379.40999999999997,948,15,1
769,69.38000000000001,476,3,0
770,199.43,1047,15,1
771,199.43,752,15,1
772,199.95,641,15,1
773,-10.15,278,2,0
774,379.5,604,15,1
775,379.40999999999997,632,15,1
776,199.43,842,15,1
777,-10.15,309,2,0
778,279.95,567,15,1
779,199.95,853,15,1
780,279.95,577,15,1
781,279.95,609,15,1
782,199.55,754,15,1
783,199.95,617,15,1
784,-10.15,267,2,0
785,279.95,572,15,1
786,279.95,579,15,1
787,-10.65,219,2,0
788,279.77,612,15,1
789,-10.15,360,2,0
790,279.95,564,15,1
791,279.95,569,15,1
792,279.95,941,15,1
793,199.95,640,15,1
794,199.55,722,15,1
795,-10.65,445,3,0
796,279.42999999999995,665,15,1
797,379.45,558,15,1
798,279.52,862,15,1
799,279.67999999999995,571,15,1
800,-10.15,192,2,0
801,279.63,559,15,1
802,379.95,498,15,1
803,379.40999999999997,610,15,1
804,279.42999999999995,735,15,1
805,279.77,572,15,1
806,279.59,705,15,1
807,-10.15,241,2,0
808,199.43,797,15,1
809,-10.15,372,2,0
810,69.50000000000001,739,9,0
811,199.95,411,15,1
812,279.95,562,15,1
813,279.95,576,15,1
814,279.61,700,15,1
815,199.95,602,15,1
816,279.95,710,15,1
817,199.95,496,15,1
818,279.95,684,15,1
819,279.95,526,15,1
820,279.95,807,15,1
821,279.91999999999996,636,15,1
822,479.40999999999997,690,15,1
823,379.95,505,15,1
824,199.57,656,15,1
825,-10.47,453,2,0
826,379.40999999999997,623,15,1
827,-10.61,287,2,0
828,279.42999999999995,618,15,1
829,279.95,780,15,1
830,-10.65,331,3,0
831,-10.15,249,2,0
832,279.95,592,15,1
833,279.95,554,15,1
834,279.88,908,15,1
835,279.95,594,15,1
836,199.43,795,15,1
837,-10.15,309,3,0
838,-10.15,374,2,0
839,279.56,700,15,1
840,279.42999999999995,1059,15,1
841,279.52,908,15,1
842,279.95,616,15,1
843,279.95,723,15,1
844,279.95,725,15,1
845,279.95,718,15,1
846,-10.29,379,3,0
847,279.95,719,15,1
848,-10.59,208,2,0
849,-10.15,239,2,0
850,279.87,658,15,1
851,-10.65,720,8,0
852,69.35000000000001,684,11,0
853,-10.44,455,2,0
854,279.42999999999995,843,15,1
855,-10.65,1113,12,0
856,279.87,546,15,1
857,279.95,665,15,1
858,199.95,864,15,1
859,279.95,573,15,1
860,279.95,543,15,1
861,279.95,815,15,1
862,379.44,612,15,1
863,-10.15,333,2,0
864,-10.5,327,2,0
865,-10.62,343,2,0
866,-10.65,376,2,0
867,379.95,834,15,1
868,279.95,646,15,1
869,199.68,715,15,1
870,69.38000000000001,350,2,0
871,-10.15,291,2,0
872,-10.15,447,3,0
873,279.42999999999995,617,15,1
874,279.95,928,15,1
875,-10.65,434,3,0
876,279.95,478,15,1
877,279.95,642,15,1
878,-10.65,390,3,0
879,279.95,766,15,1
880,279.95,603,15,1
881,199.43,567,15,1
882,-10.15,684,9,0
883,279.42999999999995,874,15,1
884,199.43,587,15,1
885,279.49,764,15,1
886,279.44,658,15,1
887,379.77,491,15,1
888,279.95,648,15,1
889,-10.65,641,12,0
890,279.95,939,15,1
891,279.52,623,15,1
892,379.95,461,15,1
893,279.79999999999995,616,15,1
894,279.42999999999995,641,15,1
895,279.79999999999995,583,15,1
896,279.95,607,15,1
897,279.95,872,15,1
898,279.95,721,15,1
899,279.95,577,15,1
900,279.42999999999995,628,15,1
901,199.95,694,15,1
902,279.95,574,15,1
903,-10.15,275,2,0
904,199.82999999999998,535,15,1
905,-10.41,290,2,0
906,279.66999999999996,591,15,1
907,-10.15,313,2,0
908,-10.15,413,3,0
909,279.42999999999995,778,15,1
910,279.95,779,15,1
911,-10.15,260,2,0
912,199.8,797,15,1
913,279.67999999999995,576,15,1
914,279.77,507,15,1
915,279.65,572,15,1
916,379.95,665,15,1
917,199.95,839,15,1
918,-10.15,569,6,0
919,199.95,873,15,1
920,-10.15,607,3,0
921,279.74,704,15,1
922,279.95,513,15,1
923,279.95,608,15,1
924,279.46,748,15,1
925,279.95,578,15,1
926,199.95,729,15,1
927,279.95,745,15,1
928,-10.15,239,2,0
929,279.95,587,15,1
930,379.77,566,15,1
931,279.95,892,15,1
932,199.43,556,15,1
933,379.40999999999997,412,15,1
934,69.35000000000001,467,8,0
935,379.61,834,15,1
936,-10.15,224,2,0
937,199.95,506,15,1
938,279.95,669,15,1
939,199.95,615,15,1
940,279.42999999999995,1069,15,1
941,279.95,587,15,1
942,279.52,634,15,1
943,-10.15,298,3,0
944,199.95,642,15,1
945,279.95,698,15,1
946,379.56,802,15,1
947,69.35000000000001,414,2,0
948,279.95,766,15,1
949,-10.26,591,3,0
950,279.95,897,15,1
951,279.95,642,15,1
952,479.77,506,15,1
953,279.95,458,15,1
954,-10.65,247,2,0
955,-10.46,428,4,0
956,279.95,604,15,1
957,279.95,903,15,1
958,279.42999999999995,817,15,1
959,69.85000000000001,315,2,0
960,279.95,663,15,1
961,279.95,528,15,1
962,279.95,553,15,1
963,-10.15,376,2,0
964,199.43,544,15,1
965,279.42999999999995,782,15,1
966,279.95,745,15,1
967,-10.15,499,7,0
968,69.35000000000001,317,2,0
969,279.95,957,15,1
970,-10.15,652,11,0
971,279.95,835,15,1
972,279.95,619,15,1
973,-10.15,298,2,0
974,279.95,1019,15,1
975,279.95,630,15,1
976,279.95,716,15,1
977,279.79999999999995,810,15,1
978,279.95,557,15,1
979,-10.29,354,2,0
980,279.87,589,15,1
981,279.95,602,15,1
982,279.7,790,15,1
983,279.95,802,15,1
984,279.95,706,15,1
985,279.46,582,15,1
986,279.95,715,15,1
987,279.95,707,15,1
988,199.68,643,15,1
989,279.95,655,15,1
990,279.42999999999995,741,15,1
991,279.95,785,15,1
992,379.95,594,15,1
993,279.95,645,15,1
994,279.95,858,15,1
995,279.95,702,15,1
996,279.95,822,15,1
997,279.42999999999995,764,15,1
998,279.95,672,15,1
999,279.95,613,15,1
1000,279.75,458,15,1
1001,-10.58,460,4,0
1002,199.43,706,15,1
1003,199.95,609,15,1
1004,279.42999999999995,783,15,1
1005,-10.62,233,2,0
1006,-10.65,334,2,0
1007,-10.15,313,2,0
1008,279.95,748,15,1
1009,279.95,705,15,1
1010,-10.65,974,11,0
1011,279.95,927,15,1
1012,279.95,628,15,1
1013,379.95,527,15,1
1014,279.42999999999995,929,15,1
1015,-10.65,554,9,0
1016,279.95,619,15,1
1017,-10.15,266,2,0
1018,199.95,798,15,1
1019,279.46,905,15,1
1020,279.57,626,15,1
1021,279.45,575,15,1
1022,279.95,646,15,1
1023,-10.31,281,2,0
1024,-10.52,292,2,0
1025,279.95,632,15,1
1026,199.62,578,15,1
1027,-10.23,296,2,0
1028,279.95,466,15,1
1029,279.42999999999995,688,15,1
1030,-10.15,529,2,0
1031,279.67999999999995,784,15,1
1032,279.42999999999995,655,15,1
1033,199.95,553,15,1
1034,279.74,643,15,1
1035,199.95,512,15,1
1036,379.95,815,15,1
1037,199.95,697,15,1
1038,279.95,868,15,1
1039,279.42999999999995,815,15,1
1040,69.85000000000001,333,2,0
1041,279.95,566,15,1
1042,199.95,743,15,1
1043,279.42999999999995,582,15,1
1044,-10.15,640,8,0
1045,-10.15,274,2,0
1046,199.43,687,15,1
1047,279.82,614,15,1
1048,279.92999999999995,664,15,1
1049,-10.65,544,9,0
1050,279.42999999999995,776,15,1
1051,279.65999999999997,634,15,1
1052,279.5,580,15,1
1053,279.95,575,15,1
1054,279.95,555,15,1
1055,199.43,735,15,1
1056,199.95,617,15,1
1057,-10.65,357,2,0
1058,279.42999999999995,566,15,1
1059,-10.29,276,3,0
1060,279.7,861,15,1
1061,279.59,463,15,1
1062,-10.65,226,2,0
1063,69.53000000000002,482,2,0
1064,69.56,393,4,0
1065,-10.65,695,7,0
1066,-10.32,249,2,0
1067,199.43,663,15,1
1068,379.46999999999997,498,15,1
1069,199.95,558,15,1
1070,279.95,604,15,1
1071,69.62,416,2,0
1072,279.42999999999995,550,15,1
1073,279.42999999999995,914,15,1
1074,279.42999999999995,769,15,1
1075,279.42999999999995,542,15,1
1076,379.40999999999997,492,15,1
1077,-10.62,326,2,0
1078,-10.65,345,2,0
1079,69.80000000000001,362,2,0
1080,579.52,491,15,1
1081,279.42999999999995,1019,15,1
1082,279.42999999999995,500,15,1
1083,279.86,640,15,1
1084,-10.15,321,2,0
1085,279.42999999999995,868,15,1
1086,-10.65,243,3,0
1087,199.43,836,15,1
1088,69.35000000000001,772,9,0
1089,279.54999999999995,562,15,1
1090,-10.22,331,2,0
1091,379.95,728,15,1
1092,199.48000000000002,779,15,1
1093,279.42999999999995,792,15,1
1094,-10.65,556,3,0
1095,279.42999999999995,791,15,1
1096,279.42999999999995,717,15,1
1097,279.58,761,15,1
1098,279.86,456,15,1
1099,199.43,564,15,1
1100,199.68,547,15,1
1101,199.43,851,15,1
1102,199.75,594,15,1
1103,379.40999999999997,717,15,1
1104,-10.65,773,13,0
1105,279.42999999999995,921,15,1
1106,199.43,517,15,1
1107,199.43,750,15,1
1108,-10.65,747,8,0
1109,279.42999999999995,650,15,1
1110,279.42999999999995,918,15,1
1111,279.42999999999995,484,15,1
1112,-10.45,249,2,0
1113,379.40999999999997,764,15,1
1114,279.42999999999995,944,15,1
1115,379.40999999999997,883,15,1
1116,199.43,998,15,1
1117,279.42999999999995,874,15,1
1118,279.42999999999995,789,15,1
1119,199.95,597,15,1
1120,279.95,603,15,1
1121,279.59,735,15,1
1122,199.43,571,15,1
1123,-10.15,600,8,0
1124,-10.38,260,2,0
1125,479.89,482,15,1
1126,279.42999999999995,929,15,1
1127,199.43,681,15,1
1128,199.43,826,15,1
1129,199.95,429,15,1
1130,-10.65,433,9,0
1131,-10.56,310,2,0
1132,199.43,1031,15,1
1133,-10.65,721,9,0
1134,279.95,553,15,1
1135,279.42999999999995,1272,15,1
1136,279.42999999999995,477,15,1
1137,279.42999999999995,592,15,1
1138,-10.62,413,3,0
1139,279.42999999999995,738,15,1
1140,479.95,670,15,1
1141,199.55,847,15,1
1142,-10.65,366,2,0
1143,279.52,1152,15,1
1144,-10.65,260,2,0
1145,279.95,985,15,1
1146,279.95,763,15,1
1147,279.5,945,15,1
1148,279.42999999999995,750,15,1
1149,279.42999999999995,555,15,1
1150,279.5,750,15,1
1151,-10.65,213,2,0
1152,279.95,793,15,1
1153,69.85000000000001,466,4,0
1154,-10.15,532,9,0
1155,279.95,547,15,1
1156,279.72,523,15,1
1157,279.95,622,15,1
1158,279.95,809,15,1
1159,279.84,971,15,1
1160,279.95,611,15,1
1161,279.9,774,15,1
1162,379.40999999999997,805,15,1
1163,279.77,628,15,1
1164,199.43,794,15,1
1165,-10.44,254,2,0
1166,279.66999999999996,417,15,1
1167,279.42999999999995,742,15,1
1168,379.55,532,15,1
1169,279.46,579,15,1
1170,199.43,538,15,1
1171,279.82,733,15,1
1172,379.75,618,15,1
1173,199.43,503,15,1
1174,279.95,698,15,1
1175,279.42999999999995,705,15,1
1176,-10.15,242,2,0
1177,379.95,623,15,1
1178,279.95,576,15,1
1179,279.95,541,15,1
1180,279.95,644,15,1
1181,279.49,556,15,1
1182,-10.15,619,6,0
1183,199.43,809,15,1
1184,279.63,604,15,1
1185,199.95,608,15,1
1186,279.95,651,15,1
1187,279.59,802,15,1
1188,279.84,605,15,1
1189,169.95,267,3,0
1190,279.95,526,15,1
1191,279.95,595,15,1
1192,-10.15,342,4,0
1193,279.42999999999995,772,15,1
1194,279.95,664,15,1
1195,279.65,573,15,1
1196,279.95,887,15,1
1197,199.95,608,15,1
1198,199.43,763,15,1
1199,279.89,624,15,1
1200,-10.15,236,2,0
1201,279.42999999999995,520,15,1
1202,379.59,580,15,1
1203,279.95,649,15,1
1204,-10.15,648,4,0
1205,279.95,687,15,1
1206,379.40999999999997,609,15,1
1207,279.78999999999996,567,15,1
1208,279.42999999999995,517,15,1
1209,199.92000000000002,510,15,1
1210,279.56,503,15,1
1211,279.7,755,15,1
1212,279.42999999999995,475,15,1
1213,199.92000000000002,914,15,1
1214,379.40999999999997,997,15,1
1215,279.42999999999995,1088,15,1
1216,-10.38,530,3,0
1217,-10.44,216,2,0
1218,-10.53,392,3,0
1219,199.43,593,15,1
1220,-10.65,668,5,0
1221,199.76999999999998,714,15,1
1222,199.43,522,15,1
1223,379.40999999999997,523,15,1
1224,279.95,904,15,1
1225,-10.65,304,2,0
1226,279.42999999999995,718,15,1
1227,279.89,606,15,1
1228,279.59,839,15,1
1229,279.42999999999995,710,15,1
1230,379.71999999999997,715,15,1
1231,-10.65,539,12,0
1232,199.43,854,15,1
1233,279.52,971,15,1
1234,279.95,582,15,1
1235,279.95,601,15,1
1236,279.95,627,15,1
1237,-10.15,283,2,0
1238,279.95,554,15,1
1239,199.95,510,15,1
1240,279.87,541,15,1
1241,279.42999999999995,586,15,1
1242,279.42999999999995,995,15,1
1243,-10.38,288,2,0
1244,279.42999999999995,564,15,1
1245,279.58,537,15,1
1246,279.95,604,15,1
1247,199.43,581,15,1
1248,199.95,617,15,1
1249,479.95,528,15,1
1250,279.95,743,15,1
1251,279.75,587,15,1
1252,-10.47,260,2,0
1253,379.40999999999997,617,15,1
1254,279.95,503,15,1
1255,279.95,717,15,1
1256,199.44,532,15,1
1257,279.42999999999995,792,15,1
1258,199.64,641,15,1
1259,-10.15,261,2,0
1260,279.95,739,15,1
1261,279.95,811,15,1
1262,379.84,550,15,1
1263,279.95,628,15,1
1264,279.95,726,15,1
1265,-10.65,377,2,0
1266,279.95,898,15,1
1267,199.95,729,15,1
1268,279.95,642,15,1
1269,279.95,664,15,1
1270,199.76999999999998,911,15,1
1271,279.82,626,15,1
1272,279.95,600,15,1
1273,279.42999999999995,674,15,1
1274,279.42999999999995,522,15,1
1275,279.42999999999995,803,15,1
1276,279.82,698,15,1
1277,279.95,700,15,1
1278,279.42999999999995,806,15,1
1279,199.95,527,15,1
1280,279.95,564,15,1
1281,199.95,595,15,1
1282,199.95,586,15,1
1283,279.42999999999995,586,15,1
1284,199.95,798,15,1
1285,-10.65,346,2,0
1286,279.95,446,15,1
1287,379.75,741,15,1
1288,279.51,609,15,1
1289,279.95,755,15,1
1290,199.43,744,15,1
1291,279.90999999999997,851,15,1
1292,279.42999999999995,509,15,1
1293,-10.15,383,2,0
1294,-10.65,456,6,0
1295,-10.45,403,2,0
1296,-10.65,582,7,0
1297,69.85000000000001,321,3,0
1298,-10.15,248,3,0
1299,379.92,464,15,1
1300,199.57999999999998,468,15,1
1301,69.71000000000001,504,6,0
1302,-10.65,191,2,0
1303,-10.65,378,2,0
1304,-10.15,589,8,0
1305,-10.15,252,2,0
1306,-10.65,404,2,0
1307,379.95,553,15,1
1308,279.95,627,15,1
1309,279.95,569,15,1
1310,-10.62,700,11,0
1311,199.60000000000002,640,15,1
1312,279.95,1170,15,1
1313,279.58,635,15,1
1314,279.42999999999995,770,15,1
1315,199.43,517,15,1
1316,279.90999999999997,913,15,1
1317,279.9,952,15,1
1318,-10.62,337,3,0
1319,279.95,653,15,1
1320,-10.62,410,2,0
1321,279.46,773,15,1
1322,-10.65,738,10,0
1323,279.95,705,15,1
1324,379.95,675,15,1
1325,379.95,746,15,1
1326,-10.15,202,2,0
1327,-10.15,412,6,0
1328,199.95,755,15,1
1329,379.95,717,15,1
1330,279.95,588,15,1
1331,199.51999999999998,838,15,1
1332,199.95,655,15,1
1333,279.78,514,15,1
1334,379.95,518,15,1
1335,279.95,625,15,1
1336,279.95,874,15,1
1337,279.95,582,15,1
1338,199.95,792,15,1
1339,279.42999999999995,683,15,1
1340,279.77,687,15,1
1341,279.95,722,15,1
1342,279.54999999999995,585,15,1
1343,279.95,985,15,1
1344,-10.56,660,9,0
1345,-10.65,953,7,0
1346,279.95,977,15,1
1347,279.95,710,15,1
1348,279.95,540,15,1
1349,379.95,762,15,1
1350,379.40999999999997,825,15,1
1351,279.95,843,15,1
1352,199.95,652,15,1
1353,-10.5,241,2,0
1354,279.95,600,15,1
1355,279.95,616,15,1
1356,279.95,628,15,1
1357,279.95,546,15,1
1358,279.95,352,15,1
1359,199.95,696,15,1
1360,279.95,937,15,1
1361,279.95,990,15,1
1362,279.95,409,15,1
1363,279.95,535,15,1
1364,-10.15,314,3,0
1365,279.95,562,15,1
1366,279.95,866,15,1
1367,279.95,576,15,1
1368,279.95,700,15,1
1369,199.95,558,15,1
1370,279.42999999999995,786,15,1
1371,279.42999999999995,563,15,1
1372,199.43,530,15,1
1373,279.95,677,15,1
1374,279.95,639,15,1
1375,279.95,891,15,1
1376,279.95,630,15,1
1377,279.95,680,15,1
1378,199.95,671,15,1
1379,279.95,550,15,1
1380,-10.15,407,2,0
1381,279.42999999999995,706,15,1
1382,279.95,612,15,1
1383,-10.27,229,2,0
1384,279.95,482,15,1
1385,279.42999999999995,478,15,1
1386,-10.15,390,4,0
1387,279.95,543,15,1
1388,199.82999999999998,1031,15,1
1389,279.42999999999995,576,15,1
1390,-10.15,255,2,0
1391,69.35000000000001,695,12,0
1392,69.85000000000001,464,4,0
1393,279.95,592,15,1
1394,479.95,687,15,1
1395,279.49,542,15,1
1396,279.94,532,15,1
1397,279.42999999999995,813,15,1
1398,-10.59,320,2,0
1399,-10.15,311,2,0
1400,279.42999999999995,599,15,1
1401,-10.44,351,2,0
1402,199.43,571,15,1
1403,279.42999999999995,517,15,1
1404,279.42999999999995,945,15,1
1405,199.43,848,15,1
1406,-10.15,396,3,0
1407,479.39,835,15,1
1408,-10.65,375,4,0
1409,579.91,597,15,1
1410,279.42999999999995,595,15,1
1411,279.42999999999995,649,15,1
1412,279.42999999999995,838,15,1
1413,279.42999999999995,650,15,1
1414,199.43,814,15,1
1415,279.95,563,15,1
1416,-10.15,573,8,0
1417,-10.29,422,2,0
1418,-10.65,312,2,0
1419,199.95,736,15,1
1420,-10.65,644,11,0
1421,-10.56,633,4,0
1422,279.69,787,15,1
1423,279.95,651,15,1
1424,199.43,632,15,1
1425,199.95,604,15,1
1426,279.42999999999995,476,15,1
1427,279.42999999999995,1091,15,1
1428,279.95,580,15,1
1429,-10.15,676,5,0
1430,-10.65,427,3,0
1431,379.95,659,15,1
1432,379.8,562,15,1
1433,279.95,549,15,1
1434,279.95,565,15,1
1435,-10.15,276,2,0
1436,279.95,484,15,1
1437,279.95,582,15,1
1438,279.73,540,15,1
1439,279.42999999999995,547,15,1
1440,-10.15,303,3,0
1441,-10.15,383,2,0
1442,379.40999999999997,860,15,1
1443,279.62,625,15,1
1444,279.42999999999995,520,15,1
1445,199.43,558,15,1
1446,379.59999999999997,576,15,1
1447,-10.65,275,2,0
1448,279.95,610,15,1
1449,279.46,717,15,1
1450,-10.65,379,2,0
1451,-10.65,491,3,0
1452,199.95,582,15,1
1453,279.42999999999995,560,15,1
1454,-10.15,271,2,0
1455,279.45,737,15,1
1456,279.42999999999995,904,15,1
1457,199.95,601,15,1
1458,199.43,507,15,1
1459,279.69,698,15,1
1460,279.74,680,15,1
1461,279.54999999999995,724,15,1
1462,279.95,934,15,1
1463,279.42999999999995,517,15,1
1464,-10.21,550,8,0
1465,199.74,628,15,1
1466,279.42999999999995,584,15,1
1467,-10.65,290,2,0
1468,479.95,565,15,1
1469,279.95,788,15,1
1470,279.56,796,15,1
1471,199.43,767,15,1
1472,199.43,586,15,1
1473,279.42999999999995,644,15,1
1474,199.43,850,15,1
1475,279.42999999999995,625,15,1
1476,199.43,794,15,1
1477,199.95,519,15,1
1478,199.43,615,15,1
1479,199.95,610,15,1
1480,379.40999999999997,352,15,1
1481,-10.65,210,2,0
1482,379.40999999999997,901,15,1
1483,279.42999999999995,737,15,1
1484,199.43,697,15,1
1485,279.42999999999995,803,15,1
1486,199.92000000000002,520,15,1
1487,199.43,532,15,1
1488,-10.15,413,5,0
1489,279.95,569,15,1
1490,199.43,824,15,1
1491,279.42999999999995,751,15,1
1492,279.95,615,15,1
1493,69.85000000000001,335,3,0
1494,279.88,523,15,1
1495,279.87,598,15,1
1496,379.82,625,15,1
1497,199.48000000000002,536,15,1
1498,-10.15,423,2,0
1499,279.42999999999995,748,15,1
1500,379.40999999999997,655,15,1
1501,279.42999999999995,833,15,1
1502,-10.25,463,5,0
1503,379.46999999999997,635,15,1
1504,-10.65,212,2,0
1505,279.95,528,15,1
1506,279.95,816,15,1
1507,379.40999999999997,616,15,1
1508,-10.65,217,2,0
1509,279.79999999999995,415,15,1
1510,279.95,778,15,1
1511,279.42999999999995,711,15,1
1512,279.95,689,15,1
1513,279.42999999999995,820,15,1
1514,279.95,576,15,1
1515,199.79000000000002,765,15,1
1516,-10.15,293,2,0
1517,199.43,845,15,1
1518,279.56,710,15,1
1519,279.95,699,15,1
1520,-10.15,317,4,0
1521,-10.15,371,3,0
1522,-10.65,384,2,0
1523,-10.65,826,10,0
1524,279.95,619,15,1
1525,279.63,701,15,1
1526,-10.2,326,2,0
1527,199.51999999999998,877,15,1
1528,69.35000000000001,435,4,0
1529,279.42999999999995,837,15,1
1530,279.42999999999995,698,15,1
1531,-10.65,739,5,0
1532,379.40999999999997,577,15,1
1533,279.95,572,15,1
1534,279.95,1040,15,1
1535,279.95,685,15,1
1536,279.95,595,15,1
1537,-10.2,240,2,0
1538,279.95,504,15,1
1539,379.95,650,15,1
1540,279.7,469,15,1
1541,199.95,639,15,1
1542,279.42999999999995,696,15,1
1543,479.39,488,15,1
1544,-10.15,261,3,0
1545,379.40999999999997,520,15,1
1546,199.95,542,15,1
1547,279.73,746,15,1
1548,279.87,703,15,1
1549,279.95,771,15,1
1550,279.74,439,15,1
1551,199.43,687,15,1
1552,379.95,867,15,1
1553,279.95,809,15,1
1554,279.78,624,15,1
1555,279.42999999999995,580,15,1
1556,279.42999999999995,479,15,1
1557,279.73,465,15,1
1558,-10.44,357,2,0
1559,-10.15,297,3,0
1560,279.44,821,15,1
1561,-10.15,204,2,0
1562,-10.15,638,7,0
1563,279.78,651,15,1
1564,379.95,489,15,1
1565,379.95,761,15,1
1566,-10.59,610,3,0
1567,279.95,616,15,1
1568,279.95,742,15,1
1569,199.43,509,15,1
1570,-10.15,540,11,0
1571,199.43,513,15,1
1572,69.35000000000001,418,7,0
1573,199.56,527,15,1
1574,-10.65,1280,12,0
1575,-10.65,305,2,0
1576,279.42999999999995,572,15,1
1577,-10.15,660,10,0
1578,279.88,1125,15,1
1579,279.95,692,15,1
1580,-10.26,297,2,0
1581,-10.53,255,2,0
1582,-10.15,425,6,0
1583,279.95,673,15,1
1584,279.63,576,15,1
1585,379.49,591,15,1
1586,279.95,738,15,1
1587,279.95,594,15,1
1588,199.57,563,15,1
1589,-10.15,275,2,0
1590,279.95,609,15,1
1591,279.42999999999995,902,15,1
1592,199.95,573,15,1
1593,379.40999999999997,619,15,1
1594,-10.62,598,10,0
1595,199.47,553,15,1
1596,199.43,515,15,1
1597,-10.65,277,2,0
1598,379.40999999999997,452,15,1
1599,-10.15,258,2,0
1600,-10.41,577,7,0
1601,279.95,797,15,1
1602,279.95,597,15,1
1603,-10.65,730,11,0
1604,379.5,750,15,1
1605,279.95,602,15,1
1606,-10.62,394,3,0
1607,199.72,405,15,1
1608,479.88,708,15,1
1609,279.46,861,15,1
1610,279.95,601,15,1
1611,279.71,708,15,1
1612,279.6,576,15,1
1613,199.63,458,15,1
1614,279.95,498,15,1
1615,199.95,655,15,1
1616,279.87,621,15,1
1617,-10.15,235,2,0
1618,199.95,531,15,1
1619,279.95,629,15,1
1620,379.49,747,15,1
1621,199.95,565,15,1
1622,-10.15,223,2,0
1623,279.95,603,15,1
1624,199.43,429,15,1
1625,199.76999999999998,699,15,1
1626,279.95,466,15,1
1627,279.42999999999995,741,15,1
1628,279.42999999999995,554,15,1
1629,279.73,596,15,1
1630,279.95,713,15,1
1631,-10.56,311,2,0
1632,279.95,605,15,1
1633,279.95,594,15,1
1634,-10.15,652,11,0
1635,279.44,922,15,1
1636,279.61,598,15,1
1637,379.95,643,15,1
1638,-10.32,354,2,0
1639,199.95,596,15,1
1640,199.92000000000002,669,15,1
1641,-10.35,258,2,0
1642,279.42999999999995,765,15,1
1643,-10.65,820,11,0
1644,379.58,799,15,1
1645,279.95,508,15,1
1646,-10.15,298,2,0
1647,199.95,823,15,1
1648,-10.15,250,2,0
1649,-10.65,632,6,0
1650,199.95,712,15,1
1651,279.95,686,15,1
1652,69.35000000000001,471,3,0
1653,279.42999999999995,771,15,1
1654,279.46,813,15,1
1655,279.58,742,15,1
1656,279.95,537,15,1
1657,-10.29,780,9,0
1658,279.95,587,15,1
1659,379.40999999999997,737,15,1
1660,279.42999999999995,510,15,1
1661,-10.44,291,2,0
1662,279.42999999999995,817,15,1
1663,-10.65,213,2,0
1664,379.65,919,15,1
1665,279.42999999999995,591,15,1
1666,279.72,653,15,1
1667,279.87,482,15,1
1668,279.95,579,15,1
1669,199.43,715,15,1
1670,279.95,627,15,1
1671,279.42999999999995,508,15,1
1672,-10.62,499,7,0
1673,279.42999999999995,770,15,1
1674,279.89,512,15,1
1675,279.5,799,15,1
1676,279.42999999999995,588,15,1
1677,-10.15,689,2,0
1678,279.42999999999995,499,15,1
1679,379.40999999999997,739,15,1
1680,279.5,842,15,1
1681,279.95,639,15,1
1682,279.42999999999995,588,15,1
1683,279.95,656,15,1
1684,279.42999999999995,764,15,1
1685,279.42999999999995,582,15,1
1686,279.42999999999995,624,15,1
1687,279.85,510,15,1
1688,279.42999999999995,780,15,1
1689,279.95,693,15,1
1690,199.56,433,15,1
1691,199.51999999999998,844,15,1
1692,-10.15,298,2,0
1693,-10.52,249,2,0
1694,279.42999999999995,676,15,1
1695,-10.15,318,2,0
1696,379.40999999999997,755,15,1
1697,-10.65,494,4,0
1698,279.42999999999995,798,15,1
1699,-10.35,592,10,0
1700,279.42999999999995,485,15,1
1701,199.43,610,15,1
1702,199.43,671,15,1
1703,279.53999999999996,547,15,1
1704,-10.17,290,2,0
1705,279.42999999999995,485,15,1
1706,379.69,507,15,1
1707,279.6,496,15,1
1708,279.42999999999995,567,15,1
1709,279.42999999999995,773,15,1
1710,279.42999999999995,545,15,1
1711,-10.65,675,8,0
1712,279.42999999999995,606,15,1
1713,199.53,561,15,1
1714,279.42999999999995,893,15,1
1715,379.40999999999997,619,15,1
1716,279.42999999999995,685,15,1
1717,279.95,587,15,1
1718,69.59,387,2,0
1719,279.95,670,15,1
1720,199.95,580,15,1
1721,279.95,597,15,1
1722,279.42999999999995,448,15,1
1723,279.42999999999995,554,15,1
1724,-10.62,365,2,0
1725,279.42999999999995,693,15,1
1726,279.42999999999995,804,15,1
1727,279.95,909,15,1
1728,279.42999999999995,617,15,1
1729,199.91,697,15,1
1730,279.84,614,15,1
1731,279.95,621,15,1
1732,-10.65,665,4,0
1733,-10.15,349,2,0
1734,279.54999999999995,716,15,1
1735,279.95,572,15,1
1736,-10.62,245,2,0
1737,379.40999999999997,846,15,1
1738,279.95,934,15,1
1739,479.95,577,15,1
1740,279.95,657,15,1
1741,279.46,648,15,1
1742,279.95,560,15,1
1743,-10.15,658,11,0
1744,379.83,524,15,1
1745,199.95,601,15,1
1746,279.95,704,15,1
1747,279.89,922,15,1
1748,199.43,508,15,1
1749,279.42999999999995,598,15,1
1750,379.95,531,15,1
1751,279.42999999999995,565,15,1
1752,169.95,363,5,0
1753,379.40999999999997,562,15,1
1754,-10.15,621,9,0
1755,199.95,696,15,1
1756,-10.15,365,2,0
1757,199.95,798,15,1
1758,-10.65,336,2,0
1759,379.44,778,15,1
1760,279.95,866,15,1
1761,379.95,569,15,1
1762,279.49,698,15,1
1763,279.95,696,15,1
1764,279.95,723,15,1
1765,199.95,408,15,1
1766,279.95,505,15,1
1767,199.95,506,15,1
1768,279.95,701,15,1
1769,-10.65,983,13,0
1770,279.95,708,15,1
1771,199.95,815,15,1
1772,279.61,861,15,1
1773,279.42999999999995,606,15,1
1774,279.95,796,15,1
1775,199.9,595,15,1
1776,279.42999999999995,625,15,1
1777,279.95,527,15,1
1778,279.42999999999995,550,15,1
1779,379.40999999999997,727,15,1
1780,279.54999999999995,730,15,1
1781,279.42999999999995,636,15,1
1782,279.42999999999995,900,15,1
1783,199.43,657,15,1
1784,479.95,687,15,1
1785,379.40999999999997,525,15,1
1786,-10.23,387,2,0
1787,279.95,865,15,1
1788,279.95,768,15,1
1789,279.95,735,15,1
1790,279.95,823,15,1
1791,-10.15,301,2,0
1792,279.95,603,15,1
1793,-10.65,953,6,0
1794,-10.65,447,4,0
1795,479.39,600,15,1
1796,-10.62,751,12,0
1797,279.59,585,15,1
1798,-10.65,343,2,0
1799,-10.21,378,8,0
1800,199.95,806,15,1
1801,479.94,884,15,1
1802,279.95,607,15,1
1803,279.95,575,15,1
1804,279.77,551,15,1
1805,279.42999999999995,538,15,1
1806,279.95,716,15,1
1807,279.95,556,15,1
1808,199.95,618,15,1
1809,199.43,709,15,1
1810,279.42999999999995,599,15,1
1811,199.43,541,15,1
1812,279.95,532,15,1
1813,199.95,527,15,1
1814,-10.65,348,2,0
1815,279.95,606,15,1
1816,279.95,404,15,1
1817,279.95,563,15,1
1818,279.42999999999995,562,15,1
1819,199.95,538,15,1
1820,279.42999999999995,811,15,1
1821,279.42999999999995,579,15,1
1822,279.49,673,15,1
1823,279.71,454,15,1
1824,279.95,581,15,1
1825,199.95,686,15,1
1826,379.68,674,15,1
1827,279.95,532,15,1
1828,69.56,546,11,0
1829,279.71,626,15,1
1830,279.95,558,15,1
1831,279.95,550,15,1
1832,479.51,745,15,1
1833,279.95,673,15,1
1834,279.95,547,15,1
1835,279.95,580,15,1
1836,279.95,612,15,1
1837,379.59,988,15,1
1838,379.95,517,15,1
1839,279.95,515,15,1
1840,-10.15,269,2,0
1841,-10.15,244,2,0
1842,279.95,675,15,1
1843,-10.15,221,2,0
1844,-10.65,256,2,0
1845,279.95,702,15,1
1846,-10.15,332,2,0
1847,279.42999999999995,441,15,1
1848,279.95,630,15,1
1849,279.44,563,15,1
1850,379.46999999999997,671,15,1
1851,279.95,598,15,1
1852,199.43,669,15,1
1853,279.95,482,15,1
1854,379.89,499,15,1
1855,279.95,663,15,1
1856,279.42999999999995,674,15,1
1857,279.42999999999995,809,15,1
1858,279.53,591,15,1
1859,279.42999999999995,628,15,1
1860,279.95,595,15,1
1861,-10.56,584,3,0
1862,279.95,531,15,1
1863,199.95,714,15,1
1864,279.42999999999995,610,15,1
1865,279.95,568,15,1
1866,-10.15,257,2,0
1867,379.90999999999997,745,15,1
1868,279.61,492,15,1
1869,279.42999999999995,659,15,1
1870,379.58,858,15,1
1871,199.95,867,15,1
1872,279.95,592,15,1
1873,-10.15,306,2,0
1874,-10.38,611,6,0
1875,279.95,547,15,1
1876,279.72,566,15,1
1877,279.42999999999995,812,15,1
1878,379.95,698,15,1
1879,69.85000000000001,563,5,0
1880,279.42999999999995,582,15,1
1881,-10.35,276,2,0
1882,279.56,573,15,1
1883,279.42999999999995,702,15,1
1884,-10.15,268,2,0
1885,279.95,738,15,1
1886,279.5,684,15,1
1887,-10.15,344,3,0
1888,199.95,532,15,1
1889,199.62,746,15,1
1890,-10.15,292,2,0
1891,279.95,536,15,1
1892,199.95,648,15,1
1893,279.95,601,15,1
1894,279.95,544,15,1
1895,279.95,611,15,1
1896,279.42999999999995,522,15,1
1897,279.95,849,15,1
1898,279.95,546,15,1
1899,199.54000000000002,589,15,1
1900,379.95,594,15,1
1901,199.95,627,15,1
1902,279.95,724,15,1
1903,279.95,593,15,1
1904,199.43,530,15,1
1905,279.42999999999995,961,15,1
1906,279.84,752,15,1
1907,279.42999999999995,625,15,1
1908,479.39,481,15,1
1909,199.95,688,15,1
1910,-10.15,443,2,0
1911,-10.15,242,2,0
1912,-10.47,224,2,0
1913,199.95,694,15,1
1914,-10.65,359,2,0
1915,279.69,650,15,1
1916,199.71,470,15,1
1917,199.95,517,15,1
1918,-10.15,555,8,0
1919,279.95,809,15,1
1920,-10.15,755,10,0
1921,379.5,805,15,1
1922,199.95,799,15,1
1923,279.46,488,15,1
1924,279.42999999999995,736,15,1
1925,279.95,722,15,1
1926,199.43,602,15,1
1927,199.43,634,15,1
1928,279.42999999999995,853,15,1
1929,199.95,785,15,1
1930,199.95,851,15,1
1931,279.42999999999995,463,15,1
1932,279.95,525,15,1
1933,279.42999999999995,613,15,1
1934,379.84,599,15,1
1935,279.42999999999995,720,15,1
1936,279.42999999999995,669,15,1
1937,279.42999999999995,622,15,1
1938,379.40999999999997,517,15,1
1939,279.42999999999995,710,15,1
1940,279.95,599,15,1
1941,199.65,767,15,1
1942,-10.15,292,2,0
1943,279.42999999999995,763,15,1
1944,199.43,615,15,1
1945,279.42999999999995,831,15,1
1946,279.88,846,15,1
1947,199.95,671,15,1
1948,-10.15,370,2,0
1949,-10.65,245,2,0
1950,279.78999999999996,623,15,1
1951,279.42999999999995,671,15,1
1952,-10.47,246,2,0
1953,279.56,905,15,1
1954,279.91999999999996,642,15,1
1955,279.95,588,15,1
1956,-10.15,646,5,0
1957,199.95,603,15,1
1958,279.95,710,15,1
1959,199.76,599,15,1
1960,279.95,651,15,1
1961,279.95,527,15,1
1962,279.95,533,15,1
1963,279.95,553,15,1
1964,279.95,606,15,1
1965,279.95,693,15,1
1966,379.59999999999997,692,15,1
1967,279.82,880,15,1
1968,279.95,875,15,1
1969,379.52,589,15,1
1970,279.42999999999995,770,15,1
1971,-10.15,270,2,0
1972,69.85000000000001,331,2,0
1973,-10.23,304,2,0
1974,-10.62,270,2,0
1975,379.42,569,15,1
1976,199.43,783,15,1
1977,279.95,565,15,1
1978,279.54999999999995,495,15,1
1979,-10.59,406,2,0
1980,279.54999999999995,506,15,1
1981,-10.15,228,2,0
1982,279.42999999999995,457,15,1
1983,199.43,825,15,1
1984,199.43,497,15,1
1985,279.42999999999995,698,15,1
1986,579.37,566,15,1
1987,379.40999999999997,797,15,1
1988,279.42999999999995,595,15,1
1989,279.42999999999995,554,15,1
1990,279.95,690,15,1
1991,279.95,710,15,1
1992,279.95,674,15,1
1993,279.9,585,15,1
1994,199.95,750,15,1
1995,199.92000000000002,836,15,1
1996,279.42999999999995,569,15,1
1997,199.95,697,15,1
1998,-10.15,313,4,0
1999,279.42999999999995,694,15,1
2000,69.71000000000001,704,12,0
2001,479.95,764,15,1
2002,479.95,463,15,1
2003,279.42999999999995,845,15,1
2004,279.95,739,15,1
2005,279.78999999999996,646,15,1
2006,199.43,759,15,1
2007,279.95,544,15,1
2008,279.95,642,15,1
2009,279.42999999999995,790,15,1
2010,-10.15,508,9,0
2011,279.95,550,15,1
2012,199.95,427,15,1
2013,199.43,618,15,1
2014,199.95,527,15,1
2015,379.78,600,15,1
2016,-10.15,304,2,0
2017,279.95,493,15,1
2018,279.95,632,15,1
2019,279.95,621,15,1
2020,279.79999999999995,589,15,1
2021,279.89,705,15,1
2022,69.85000000000001,330,2,0
2023,279.83,682,15,1
2024,-10.53,341,2,0
2025,-10.65,384,2,0
2026,-10.47,719,9,0
2027,379.45,542,15,1
2028,199.43,605,15,1
2029,379.9,602,15,1
2030,279.46,805,15,1
2031,279.95,798,15,1
2032,279.46,920,15,1
2033,-10.27,285,2,0
2034,-10.62,282,2,0
2035,199.55,650,15,1
2036,199.95,851,15,1
2037,199.95,692,15,1
2038,279.95,598,15,1
2039,279.95,723,15,1
2040,279.61,500,15,1
2041,-10.15,386,3,0
2042,279.95,485,15,1
2043,279.95,646,15,1
2044,279.81,596,15,1
2045,-10.65,664,8,0
2046,279.95,654,15,1
2047,279.66999999999996,657,15,1
2048,279.95,661,15,1
2049,279.95,594,15,1
2050,279.42999999999995,617,15,1
2051,279.95,560,15,1
2052,379.95,734,15,1
2053,379.95,658,15,1
2054,199.88,662,15,1
2055,279.42999999999995,548,15,1
2056,279.42999999999995,617,15,1
2057,279.51,522,15,1
2058,199.95,671,15,1
2059,199.95,780,15,1
2060,-10.65,243,2,0
2061,199.43,659,15,1
2062,279.95,687,15,1
2063,379.44,568,15,1
2064,279.95,684,15,1
2065,279.95,654,15,1
2066,279.95,694,15,1
2067,279.42999999999995,634,15,1
2068,-10.65,698,10,0
2069,279.42999999999995,699,15,1
2070,279.42999999999995,1001,15,1
2071,279.42999999999995,507,15,1
2072,-10.15,264,4,0
2073,69.35000000000001,451,2,0
2074,279.95,599,15,1
2075,-10.65,268,2,0
2076,279.95,552,15,1
2077,-10.15,576,4,0
2078,-10.15,592,3,0
2079,279.87,793,15,1
2080,279.42999999999995,533,15,1
2081,-10.15,416,3,0
2082,279.64,686,15,1
2083,199.95,652,15,1
2084,69.44000000000001,394,2,0
2085,279.95,915,15,1
2086,279.86,678,15,1
2087,199.43,551,15,1
2088,379.95,636,15,1
2089,279.42999999999995,654,15,1
2090,-10.15,656,3,0
2091,279.95,635,15,1
2092,279.42999999999995,682,15,1
2093,279.58,733,15,1
2094,199.68,614,15,1
2095,279.77,713,15,1
2096,379.95,714,15,1
2097,199.43,997,15,1
2098,199.54000000000002,597,15,1
2099,199.43,545,15,1
2100,379.74,652,15,1
2101,279.88,728,15,1
2102,379.9,469,15,1
2103,279.75,585,15,1
2104,199.95,599,15,1
2105,199.56,641,15,1
2106,279.76,541,15,1
2107,379.40999999999997,710,15,1
2108,279.65999999999997,581,15,1
2109,379.63,808,15,1
2110,279.95,601,15,1
2111,279.95,868,15,1
2112,279.95,629,15,1
2113,-10.15,286,2,0
2114,279.64,741,15,1
2115,279.42999999999995,790,15,1
2116,199.55,597,15,1
2117,-10.53,1031,11,0
2118,199.43,586,15,1
2119,279.42999999999995,808,15,1
2120,279.95,410,15,1
2121,279.64,670,15,1
2122,279.42999999999995,595,15,1
2123,279.42999999999995,563,15,1
2124,199.95,776,15,1
2125,-10.65,370,2,0
2126,-10.15,378,2,0
2127,199.78,834,15,1
2128,379.95,795,15,1
2129,279.67999999999995,837,15,1
2130,279.42999999999995,560,15,1
2131,279.67999999999995,627,15,1
2132,-10.23,671,4,0
2133,279.42999999999995,543,15,1
2134,279.95,716,15,1
2135,199.64,485,15,1
2136,-10.65,361,2,0
2137,379.40999999999997,475,15,1
2138,279.87,545,15,1
2139,-10.65,448,4,0
2140,379.95,603,15,1
2141,279.79999999999995,708,15,1
2142,199.43,674,15,1
2143,379.40999999999997,605,15,1
2144,279.95,555,15,1
2145,279.88,502,15,1
2146,199.95,633,15,1
2147,279.95,552,15,1
2148,279.95,564,15,1
2149,279.95,652,15,1
2150,279.61,589,15,1
2151,-10.41,399,2,0
2152,379.40999999999997,540,15,1
2153,-10.15,213,2,0
2154,279.42999999999995,753,15,1
2155,-10.15,260,2,0
2156,279.95,529,15,1
2157,199.95,836,15,1
2158,279.42999999999995,624,15,1
2159,-10.15,333,2,0
2160,279.95,841,15,1
2161,279.42999999999995,601,15,1
2162,-10.65,198,2,0
2163,279.42999999999995,511,15,1
2164,379.87,872,15,1
2165,279.95,815,15,1
2166,-10.15,309,2,0
2167,379.95,781,15,1
2168,279.95,632,15,1
2169,279.95,511,15,1
2170,279.61,659,15,1
2171,69.85000000000001,498,5,0
2172,199.43,796,15,1
2173,199.95,792,15,1
2174,279.74,687,15,1
2175,199.43,648,15,1
2176,279.95,914,15,1
2177,279.65999999999997,487,15,1
2178,379.95,593,15,1
2179,279.49,854,15,1
2180,279.95,550,15,1
2181,-10.15,663,8,0
2182,379.65,554,15,1
2183,279.42999999999995,780,15,1
2184,69.85000000000001,408,3,0
2185,-10.15,378,2,0
2186,279.42999999999995,863,15,1
2187,279.42999999999995,821,15,1
2188,279.95,747,15,1
2189,379.95,611,15,1
2190,279.95,576,15,1
2191,199.95,584,15,1
2192,279.45,572,15,1
2193,-10.65,225,2,0
2194,279.95,490,15,1
2195,279.95,893,15,1
2196,279.46,611,15,1
2197,-10.15,300,3,0
2198,279.42999999999995,786,15,1
2199,379.40999999999997,717,15,1
2200,279.42999999999995,683,15,1
2201,279.88,821,15,1
2202,-10.15,337,2,0
2203,379.95,547,15,1
2204,279.95,558,15,1
2205,279.95,755,15,1
2206,279.95,625,15,1
2207,199.43,588,15,1
2208,279.42999999999995,761,15,1
2209,199.95,625,15,1
2210,-10.15,225,2,0
2211,279.95,529,15,1
2212,-10.62,306,3,0
2213,279.84,794,15,1
2214,279.5,743,15,1
2215,379.59,666,15,1
2216,379.40999999999997,507,15,1
2217,199.95,576,15,1
2218,-10.26,338,2,0
2219,279.95,714,15,1
2220,-10.15,310,2,0
2221,279.95,668,15,1
2222,279.95,712,15,1
2223,279.46,439,15,1
2224,279.69,686,15,1
2225,279.42999999999995,666,15,1
2226,279.95,525,15,1
2227,479.39,378,15,1
